Title,Location,Job Link
"169 General Dentist jobs in Boston, Massachusetts, United ...","169 General Dentist jobs in Boston, Massachusetts, United ...",https://www.linkedin.com/jobs/general-dentist-jobs-boston-ma
"68 Dentist Jobs in Boston, MA","68 Dentist Jobs in Boston, MA","https://www.ziprecruiter.com/Jobs/Dentist/-in-Boston,MA"
"276 Dentist jobs in Boston, Massachusetts, United States ...","276 Dentist jobs in Boston, Massachusetts, United States ...",https://www.linkedin.com/jobs/dentist-jobs-boston-ma
"Dentist Boston Jobs, Employment in Boston, MA","Dentist Boston Jobs, Employment in Boston, MA",https://www.indeed.com/q-dentist-boston-l-boston%2C-ma-jobs.html
"$18-$27/hr Dental Assistant Jobs in Boston, MA (NOW ...","$18-$27/hr Dental Assistant Jobs in Boston, MA (NOW ...","https://www.ziprecruiter.com/Jobs/Dental-Assistant/-in-Boston,MA"
"dentist jobs in boston, ma","dentist jobs in boston, ma",https://www.simplyhired.com/search?q=dentist&l=boston%2C+ma
"Top Dental Jobs in Boston, MA","Top Dental Jobs in Boston, MA",https://www.monster.com/jobs/q-dental-jobs-l-boston-ma
"Jobs in Boston, MA","Jobs in Boston, MA",https://www.dentistjobconnect.com/jobs/?l=Boston%2C%20MA
12 Best boston dental jobs in massachusetts (Hiring Now!),12 Best boston dental jobs in massachusetts (Hiring Now!),https://www.simplyhired.com/search?q=boston+dental&l=massachusetts&mi=10
"Dentist Job #1649769 in Boston, MA at Enterprise Medical ...","Dentist Job #1649769 in Boston, MA at Enterprise Medical ...",https://www.physemp.com/nurse-allied/jobs/1649769
"47 Dentist Jobs in Houston, TX","47 Dentist Jobs in Houston, TX","https://www.ziprecruiter.com/Jobs/Dentist/-in-Houston,TX"
"119 General Dentist jobs in Houston, Texas, United States ...","119 General Dentist jobs in Houston, Texas, United States ...",https://www.linkedin.com/jobs/general-dentist-jobs-houston-tx
"dentist jobs in houston, tx","dentist jobs in houston, tx",https://www.simplyhired.com/search?q=dentist&l=houston%2C+tx
"Dental Jobs in Houston, TX | Dental Positions Near Me","Dental Jobs in Houston, TX | Dental Positions Near Me",https://www.dentalpost.net/dental-jobs/houston-tx-dental-jobs/
"$18-$27/hr Dental Jobs in Houston, TX (NOW HIRING) ...","$18-$27/hr Dental Jobs in Houston, TX (NOW HIRING) ...","https://www.ziprecruiter.com/Jobs/Dental/-in-Houston,TX"
"now hiring dental jobs in houston, tx","now hiring dental jobs in houston, tx","https://www.indeed.com/q-now-hiring-dental-l-houston,-tx-jobs.html"
"20 Best dental jobs in houston, tx (Hiring Now!)","20 Best dental jobs in houston, tx (Hiring Now!)",https://www.simplyhired.com/search?q=dental&l=houston%2C+tx
"Dental Jobs in Houston, TX","Dental Jobs in Houston, TX",https://www.ihiredental.com/t-dental-s-texas-c-houston-jobs.html
"Houston, TX jobs | Heartland Dental and Supported Offices ...","Houston, TX jobs | Heartland Dental and Supported Offices ...",https://jobs.heartland.com/jobs/us-tx-houston/
"Dental Assistant Jobs & Positions Near Me in Houston, TX","Dental Assistant Jobs & Positions Near Me in Houston, TX",https://www.dentalpost.net/dental-jobs/houston-tx-dental-assistant-jobs/
"72 Dental Jobs in Greensboro, NC","72 Dental Jobs in Greensboro, NC","https://www.ziprecruiter.com/Jobs/Dental/-in-Greensboro,NC"
"43 General Dentist jobs in Greensboro, North Carolina, ...","43 General Dentist jobs in Greensboro, North Carolina, ...",https://www.linkedin.com/jobs/general-dentist-jobs-greensboro-nc
"dental office jobs in greensboro, nc","dental office jobs in greensboro, nc",https://www.simplyhired.com/search?q=dental+office&l=greensboro%2C+nc
"Dental Hygienist Jobs, Employment in Greensboro, NC","Dental Hygienist Jobs, Employment in Greensboro, NC",https://www.indeed.com/m/jobs?q=Dental+Hygienist&l=Greensboro%2C+NC
"$126k-$290k Dentist Jobs in Greensboro, NC (NOW HIRING)","$126k-$290k Dentist Jobs in Greensboro, NC (NOW HIRING)","https://www.ziprecruiter.com/Jobs/Dentist/-in-Greensboro,NC"
"Dental Hygienist jobs in Greensboro, NC","Dental Hygienist jobs in Greensboro, NC","https://www.indeed.com/q-dental-hygienist-l-greensboro,-nc-jobs.html"
20 Best dentist jobs in greensboro nc (Hiring Now!),20 Best dentist jobs in greensboro nc (Hiring Now!),https://www.simplyhired.com/k-dentist-l-greensboro-nc-jobs.html
"Dental Assistant Jobs In Greensboro, NC","Dental Assistant Jobs In Greensboro, NC",https://www.zippia.com/dental-assistant-greensboro-nc-jobs/
"Greensboro, NC jobs | Heartland Dental and Supported ...","Greensboro, NC jobs | Heartland Dental and Supported ...",https://jobs.heartland.com/jobs/us-nc-greensboro/
"50 Dental School jobs in Elon, North Carolina, United ...","50 Dental School jobs in Elon, North Carolina, United ...",https://www.linkedin.com/jobs/dental-school-jobs-elon-nc
"74 Dental Jobs in High Point, NC","74 Dental Jobs in High Point, NC","https://www.ziprecruiter.com/Jobs/Dental/-in-High-Point,NC"
"Dental Hygienist Jobs, Employment in High Point, NC","Dental Hygienist Jobs, Employment in High Point, NC","https://www.indeed.com/q-dental-hygienist-l-high-point,-nc-jobs.html"
"dental office jobs in high point, nc","dental office jobs in high point, nc",https://www.simplyhired.com/search?q=dental+office&l=high+point%2C+nc
"$15-$22/hr Dental Assistant Jobs in High Point, NC","$15-$22/hr Dental Assistant Jobs in High Point, NC","https://www.ziprecruiter.com/Jobs/Dental-Assistant/-in-High-Point,NC"
"dental jobs in high point, nc","dental jobs in high point, nc","https://www.indeed.com/q-dental-l-high-point,-nc-jobs.html"
"161 Dentist jobs in High Point, North Carolina, United ...","161 Dentist jobs in High Point, North Carolina, United ...",https://www.linkedin.com/jobs/dentist-jobs-wiltshire
"dentist jobs in high point, nc","dentist jobs in high point, nc",https://www.simplyhired.com/search?q=dentist&l=high+point%2C+nc
"Medical Receptionist Jobs In High Point, NC","Medical Receptionist Jobs In High Point, NC",https://www.zippia.com/medical-receptionist-high-point-nc-jobs/
"Dentist Jobs in High Point, NC","Dentist Jobs in High Point, NC",https://www.ihire.com/t-dentist-s-north-carolina-c-high-point-jobs.html
Seeking Locum Tenens Dentist(s) for Unique Mobile ...,Seeking Locum Tenens Dentist(s) for Unique Mobile ...,"https://www.glassdoor.com/job-listing/seeking-locum-tenens-dentist-s-for-unique-mobile-dental-event-in-north-carolina-ondiem-JV_IC1138755_KO0,79_KE80,86.htm?jl=1009227079432"
"16 Dental Office jobs in Winston-Salem, North Carolina, ...","16 Dental Office jobs in Winston-Salem, North Carolina, ...",https://www.linkedin.com/jobs/dental-office-jobs-winston-salem-nc
"60 Dental Jobs in Winston Salem, NC","60 Dental Jobs in Winston Salem, NC","https://www.ziprecruiter.com/Jobs/Dental/-in-Winston-Salem,NC"
"Dentist jobs in Winston-Salem, NC","Dentist jobs in Winston-Salem, NC",https://www.indeed.com/q-dentist-l-winston-salem%2C-nc-jobs.html
"dental office jobs in winston salem, nc","dental office jobs in winston salem, nc",https://www.simplyhired.com/search?q=dental+office&l=winston-salem%2C+nc
"$33-$49/hr Remote Dental Jobs in Winston Salem, NC","$33-$49/hr Remote Dental Jobs in Winston Salem, NC","https://www.ziprecruiter.com/Jobs/Remote-Dental/-in-Winston-Salem,NC"
"dental hygiene jobs in winston salem, nc","dental hygiene jobs in winston salem, nc",https://www.simplyhired.com/search?q=dental+hygiene&l=winston-salem%2C+nc
"Apply for Dental Jobs in Winston-Salem, NC Today","Apply for Dental Jobs in Winston-Salem, NC Today",https://www.indeed.com/q-dental-l-winston-salem%2C-nc-jobs.html
"Winston Salem, NC jobs | Heartland Dental and Supported ...","Winston Salem, NC jobs | Heartland Dental and Supported ...",https://jobs.heartland.com/jobs/us-nc-winston-salem/
Dentist Job Postings in North Carolina,Dentist Job Postings in North Carolina,https://www.dentalpost.net/dental-jobs/north-carolina-dentist-jobs/
Heartland Dental,Heartland Dental,https://jobs.heartland.com/job/1067/general-dentist-winston-salem-nc-general-dentist-us-nc-winston-salem-robinhood-rd/
"119 Dentist Jobs in Los Angeles, CA","119 Dentist Jobs in Los Angeles, CA","https://www.ziprecruiter.com/Jobs/Dentist/-in-Los-Angeles,CA"
"497 Dentist jobs in Los Angeles, California, United States ...","497 Dentist jobs in Los Angeles, California, United States ...",https://www.linkedin.com/jobs/dentist-jobs-los-angeles-ca
"La Dentist jobs in Los Angeles, CA","La Dentist jobs in Los Angeles, CA","https://www.indeed.com/q-la-dentist-l-los-angeles,-ca-jobs.html"
"general dentist jobs in los angeles, ca","general dentist jobs in los angeles, ca",https://www.simplyhired.com/search?q=general+dentist&l=los+angeles%2C+ca
"$18-$27/hr Open Dental Jobs in Los Angeles, CA (NOW ...","$18-$27/hr Open Dental Jobs in Los Angeles, CA (NOW ...","https://www.ziprecruiter.com/Jobs/Open-Dental/-in-Los-Angeles,CA"
"Dental Assistant jobs in Los Angeles, CA","Dental Assistant jobs in Los Angeles, CA",https://www.indeed.com/m/jobs?q=Dental+Assistant&l=Los+Angeles%2C+CA
"20 Best dentist jobs in los angeles, ca (Hiring Now!)","20 Best dentist jobs in los angeles, ca (Hiring Now!)",https://www.simplyhired.com/search?q=dentist&l=los+angeles%2C+ca
"1000+ Remote Dental jobs in Los Angeles, California ...","1000+ Remote Dental jobs in Los Angeles, California ...",https://www.linkedin.com/jobs/remote-dental-jobs-los-angeles-ca
"General dentist jobs in Los Angeles, CA","General dentist jobs in Los Angeles, CA",https://motherworks.com/jobs/general-dentist-jobs-in-los-angeles-ca/
"Jobs in Los Angeles, CA from Insight Global","Jobs in Los Angeles, CA from Insight Global","https://insightglobal.com/jobs/results.aspx?zip=Los%20Angeles,%20California&rd=100&miles=False&remote=False"
"$127k-$290k Dentist Jobs in Cleveland, OH (NOW HIRING)","$127k-$290k Dentist Jobs in Cleveland, OH (NOW HIRING)","https://www.ziprecruiter.com/Jobs/Dentist/-in-Cleveland,OH"
"20 Best dentist jobs in cleveland, oh (Hiring Now!)","20 Best dentist jobs in cleveland, oh (Hiring Now!)",https://www.simplyhired.com/search?q=dentist&l=cleveland%2C+oh
"$17-$52/hr Dentists Jobs in Cleveland, OH (NOW HIRING)","$17-$52/hr Dentists Jobs in Cleveland, OH (NOW HIRING)","https://www.ziprecruiter.com/Jobs/Dentists/-in-Cleveland,OH"
"20 Best dental jobs in cleveland, oh (Hiring Now!)","20 Best dental jobs in cleveland, oh (Hiring Now!)",https://www.simplyhired.com/search?q=dental&l=cleveland%2C+oh
"dental jobs in cleveland, oh","dental jobs in cleveland, oh","https://www.indeed.com/q-dental-l-cleveland,-oh-jobs.html"
"Dentist jobs in Cleveland, OH","Dentist jobs in Cleveland, OH","https://www.indeed.com/q-dentist-l-cleveland,-oh-jobs.html"
"624 Dentist jobs in Cleveland, Ohio, United States (8 new)","624 Dentist jobs in Cleveland, Ohio, United States (8 new)",https://www.linkedin.com/jobs/dentist-jobs-cleveland-oh
Jobs | Heartland Dental and Supported Offices Careers,Jobs | Heartland Dental and Supported Offices Careers,https://jobs.heartland.com/jobs/
"14000+ Dental jobs in Cleveland, Ohio, United States (415 ...","14000+ Dental jobs in Cleveland, Ohio, United States (415 ...",https://www.linkedin.com/jobs/dental-jobs-cleveland-oh?trk=public_profile_jserp
Heartland Dental,Heartland Dental,https://jobs.heartland.com/
